Attribute,Value
Position,0.4627645426595839
Route,0.08000000000000052
Pheromone,0.04930322898568429
