Attribute,Value
Position,0.6543341739666548
Route,0.0
Pheromone,0.43447732163830444
