Attribute,Value
Position,0.6543341739666553
Route,0.0
Pheromone,0.4344773216383042
