Attribute,Value
Position,0.41425865116157096
Route,0.10000000000000005
Pheromone,0.7066878450477185
