iteration,value
0,151.82898046875
1,135.20770312499997
2,88.10451562499996
3,28.385437499999995
4,6.5105859375000055
5,6.287449218750003
6,5.953007812500002
7,5.517316406250001
8,5.415679687499998
9,5.415679687499998
