Attribute,Value
Position,0.005569924620304346
Route,0.0
Pheromone,4.6322862968959795
